[{"id":"3456","title":"A Book","imageUrl":"https://www.publicdomainpictures.net/pictures/10000/velka/1-1210009435EGmE.jpg","description":"This is an awesome book!","price":"19"},{"id":"4456","title":"book2","imageUrl":"https://images.booksense.com/images/427/353/9780590353427.jpg","description":"Harry potter -1 ","price":"20"},{"title":"book3","imageUrl":"https://toppsta.com/images/covers/5/9/0/4/9781408855904.webp?t=1649128899","description":"Harry potter 2","price":"21","id":"0.97204152230876"}]